<?xml version="1.0"?>
<!--
/**
 * Copyright © 2016 MageWorx. All rights reserved.
 * See LICENSE.txt for license details.
 */
-->
<config xmlns:xsi="http://www.w3.org/2001/XMLSchema-instance" xsi:noNamespaceSchemaLocation="urn:magento:framework:ObjectManager/etc/config.xsd">
    <virtualType name="MageWorxSeoBreadcrumbsCategoryGridDataProvider" type="Magento\Framework\View\Element\UiComponent\DataProvider\DataProvider">
        <arguments>
            <argument name="collection" xsi:type="object" shared="false">MageWorx\SeoBreadcrumbs\Model\ResourceModel\Breadcrumbs\Category\Collection</argument>
            <argument name="filterPool" xsi:type="object" shared="false">MageWorxSeoBreadcrumbsCategoryGridFilterPool</argument>
        </arguments>
    </virtualType>
    <virtualType name="MageWorxSeoBreadcrumbsCategoryGridFilterPool" type="Magento\Framework\View\Element\UiComponent\DataProvider\FilterPool">
        <arguments>
            <argument name="appliers" xsi:type="array">
                <item name="regular" xsi:type="object">Magento\Framework\View\Element\UiComponent\DataProvider\RegularFilter</item>
                <item name="fulltext" xsi:type="object">Magento\Framework\View\Element\UiComponent\DataProvider\FulltextFilter</item>
            </argument>
        </arguments>
    </virtualType>
    <type name="MageWorx\SeoBreadcrumbs\Model\ResourceModel\Breadcrumbs\Category\Grid\Collection">
        <arguments>
            <argument name="mainTable" xsi:type="string">catalog_category_entity</argument>
            <argument name="eventPrefix" xsi:type="string">mageworx_seobreadcrumbs_category_grid_collection</argument>
            <argument name="eventObject" xsi:type="string">mageworx_seobreadcrumbs_grid_collection</argument>
            <argument name="resourceModel" xsi:type="string">Magento\Catalog\Model\ResourceModel\Category</argument>
        </arguments>
    </type>
    <type name="Magento\Framework\View\Element\UiComponent\DataProvider\CollectionFactory">
        <arguments>
            <argument name="collections" xsi:type="array">
                <item name="mageworx_seobreadcrumbs_category_listing_data_source" xsi:type="string">MageWorx\SeoBreadcrumbs\Model\ResourceModel\Breadcrumbs\Category\Grid\Collection</item>
            </argument>
        </arguments>
    </type>
</config>