<?xml version="1.0"?>
<!--
/**
 * Copyright © 2016 MageWorx. All rights reserved.
 * See LICENSE.txt for license details.
 */
-->
<config xmlns:xsi="http://www.w3.org/2001/XMLSchema-instance" xsi:noNamespaceSchemaLocation="urn:magento:framework:ObjectManager/etc/config.xsd">
    <virtualType name="MageWorxSeoRedirectsDpRedirectGridDataProvider" type="Magento\Framework\View\Element\UiComponent\DataProvider\DataProvider">
        <arguments>
            <argument name="collection" xsi:type="object" shared="false">MageWorx\SeoRedirects\Model\ResourceModel\Redirect\DpRedirect\Collection</argument>
            <argument name="filterPool" xsi:type="object" shared="false">MageWorxSeoRedirectsDpGridFilterPool</argument>
        </arguments>
    </virtualType>
    <virtualType name="MageWorxSeoRedirectsDpGridFilterPool" type="Magento\Framework\View\Element\UiComponent\DataProvider\FilterPool">
        <arguments>
            <argument name="appliers" xsi:type="array">
                <item name="regular" xsi:type="object">Magento\Framework\View\Element\UiComponent\DataProvider\RegularFilter</item>
                <item name="fulltext" xsi:type="object">Magento\Framework\View\Element\UiComponent\DataProvider\FulltextFilter</item>
            </argument>
        </arguments>
    </virtualType>
    <type name="MageWorx\SeoRedirects\Model\ResourceModel\Redirect\DpRedirect\Grid\Collection">
        <arguments>
            <argument name="mainTable" xsi:type="string">mageworx_seoredirects_redirect_dp</argument>
            <argument name="eventPrefix" xsi:type="string">mageworx_seoredirects_redirect_grid_collection</argument>
            <argument name="eventObject" xsi:type="string">redirect_grid_collection</argument>
            <argument name="resourceModel" xsi:type="string">MageWorx\SeoRedirects\Model\ResourceModel\Redirect\DpRedirect</argument>
        </arguments>
    </type>
    <type name="Magento\Framework\View\Element\UiComponent\DataProvider\CollectionFactory">
        <arguments>
            <argument name="collections" xsi:type="array">
                <item name="mageworx_seoredirects_dpredirect_listing_data_source" xsi:type="string">MageWorx\SeoRedirects\Model\ResourceModel\Redirect\DpRedirect\Grid\Collection</item>
            </argument>
        </arguments>
    </type>
    <type name="Magento\CatalogUrlRewrite\Observer\ProductProcessUrlRewriteRemovingObserver">
        <plugin name="MageWorx_SeoRedirects::ProductProcessUrlRewriteRemovingObserverBefore" type="MageWorx\SeoRedirects\Plugin\ProductProcessUrlRewriteRemovingObserverBefore" sortOrder="1" disabled="false"/>
    </type>
</config>