<?xml version="1.0"?>
<!--
/**
 * Copyright © 2016 MageWorx. All rights reserved.
 * See LICENSE.txt for license details.
 */
-->
<config xmlns:xsi="http://www.w3.org/2001/XMLSchema-instance" xsi:noNamespaceSchemaLocation="urn:magento:module:Magento_Config:etc/system_file.xsd">
    <system>
        <tab id="mageworx" sortOrder="2001">
            <label>MageWorx</label>
        </tab>
        <section id="mageworx_seo" translate="label" type="text" sortOrder="10" showInDefault="1" showInWebsite="1" showInStore="1">
            <label>SEO</label>
            <tab>mageworx</tab>
            <resource>MageWorx_SeoXTemplates::config_seoxtemplates</resource>
            <group id="seoxtemplates" translate="label" type="text" sortOrder="7" showInDefault="1" showInWebsite="1" showInStore="1">
                <label>SEO Extended Templates</label>
                <field id="use_product_seo_name" translate="label comment" type="select" sortOrder="15" showInDefault="1" showInWebsite="1" showInStore="1">
                    <label><![CDATA[Use Product SEO Name for Product Pages]]></label>
                    <source_model>Magento\Config\Model\Config\Source\Yesno</source_model>
                    <comment><![CDATA[Product SEO Name will be displayed instead of the product name on product pages in the frontend.<br>It is used to change the H1 tag on product pages.]]></comment>
                </field>
                
                <field id="use_category_seo_name" translate="label comment" type="select" sortOrder="22" showInDefault="1" showInWebsite="1" showInStore="1">
                    <label><![CDATA[Use Category SEO Name for Category Pages]]></label>
                    <source_model>Magento\Config\Model\Config\Source\Yesno</source_model>
                    <comment><![CDATA[Category SEO Name will be displayed instead of the category name on category pages in the frontend.<br>It is used to change the H1 tag on category pages.]]></comment>
                </field>

                <!--<field id="template_limit" translate="label comment" type="text" sortOrder="26" showInDefault="1" showInWebsite="1" showInStore="1">
                    <label><![CDATA[Number of Items for One-Time Processing during Templates Applying]]></label>
                    <validate>validate-number validate-greater-than-zero</validate>
                </field>-->
                
                <field id="crop_root_category" translate="label comment" type="select" sortOrder="30" showInDefault="1" showInWebsite="1" showInStore="1">
                    <label><![CDATA[Crop Root Category from Category Template Variable [categories]]]></label>
                    <source_model>Magento\Config\Model\Config\Source\Yesno</source_model>
                </field>
                
                <field id="crop_meta_title" translate="label comment" type="select" sortOrder="34" showInDefault="1" showInWebsite="1" showInStore="1">
                    <label><![CDATA[Crop Meta Title ▾]]></label>
                    <source_model>Magento\Config\Model\Config\Source\Yesno</source_model>
                </field>
                
                <field id="max_title_length" translate="label comment" type="text" sortOrder="40" showInDefault="1" showInWebsite="1" showInStore="1">
                    <label><![CDATA[&nbsp;&nbsp;&nbsp;&nbsp;Max Length for Meta&nbsp;Title]]></label>
                    <validate>required-entry validate-digits validate-greater-than-zero</validate>
                    <comment><![CDATA[Recommended length up to 70 characters.]]></comment>
                    <depends><field id="crop_meta_title">1</field></depends>
                </field>
                
                <field id="crop_meta_description" translate="label comment" type="select" sortOrder="44" showInDefault="1" showInWebsite="1" showInStore="1">
                    <label><![CDATA[Crop Meta Description ▾]]></label>
                    <source_model>Magento\Config\Model\Config\Source\Yesno</source_model>
                </field>
                
                <field id="max_description_length" translate="label comment" type="text" sortOrder="48" showInDefault="1" showInWebsite="1" showInStore="1">
                    <label><![CDATA[&nbsp;&nbsp;&nbsp;&nbsp;Max Length for Meta&nbsp;Description]]></label>
                    <validate>required-entry validate-digits validate-greater-than-zero</validate>
                    <comment><![CDATA[Recommended length up to 150 characters.]]></comment>
                    <depends><field id="crop_meta_description">1</field></depends>
                </field>
                
                <field id="enabled_cron_notify" translate="label comment" type="select" sortOrder="50" showInDefault="1" showInWebsite="1" showInStore="1">
                    <label><![CDATA[Enable E-mail <br> Error Notification ▾]]></label>
                    <source_model>Magento\Config\Model\Config\Source\Yesno</source_model>
                </field>
                
                <field id="error_email" translate="label comment" type="text" sortOrder="55" showInDefault="1" showInWebsite="1" showInStore="1">
                    <label><![CDATA[&nbsp;&nbsp;&nbsp;&nbsp;Error Email Recipient]]></label>
                    <depends><field id="enabled_cron_notify">1</field></depends>
                </field>
                
                <field id="error_email_identity" translate="label comment" type="text" sortOrder="60" showInDefault="1" showInWebsite="1" showInStore="1">
                    <label><![CDATA[&nbsp;&nbsp;&nbsp;&nbsp;Error Email Sender]]></label>
                    <depends><field id="enabled_cron_notify">1</field></depends>
                </field>
            </group>            
        </section>
    </system>
</config>