<?xml version="1.0"?>
<!--
/**
 * Copyright © 2017 MageWorx. All rights reserved.
 * See LICENSE.txt for license details.
 */
-->
<config xmlns:xsi="http://www.w3.org/2001/XMLSchema-instance" xsi:noNamespaceSchemaLocation="urn:magento:framework:Acl/etc/acl.xsd">
    <acl>
        <resources>
            <resource id="Magento_Backend::admin">
                <resource id="Magento_Backend::stores">
                    <resource id="Magento_Backend::stores_settings">
                        <resource id="Magento_Config::config">
                            <resource id="MageWorx_SeoXTemplates::config_seoxtemplates" title="SEO Extended Templates (by MageWorx)" sortOrder="70"/>
                        </resource>
                    </resource>
                </resource>
                <resource id="Magento_Backend::marketing" title="Marketing" sortOrder="50">
                    <resource id="MageWorx_SeoXTemplates::seoxtemplates" title="MageWorx SEO Templates" sortOrder="40">
                        <resource id="MageWorx_SeoXTemplates::templateproduct" title="Product Templates" sortOrder="30"/>
                        <resource id="MageWorx_SeoXTemplates::templatecategory" title="Category Templates" sortOrder="35"/>
                        <resource id="MageWorx_SeoXTemplates::templatecategoryfilter" title="Category Filter Templates" sortOrder="40"/>
                    </resource>
                </resource>
            </resource>
        </resources>
    </acl>
</config>