<?xml version="1.0"?>
<!--
/**
 * Copyright © 2016 MageWorx. All rights reserved.
 * See LICENSE.txt for license details.
 */
 -->
<config xmlns:xsi="http://www.w3.org/2001/XMLSchema-instance" xsi:noNamespaceSchemaLocation="urn:magento:module:Magento_Config:etc/system_file.xsd">
    <system>
        <tab id="mageworx" sortOrder="2001">
            <label>MageWorx</label>
        </tab>
        <section id="mageworx_seo" translate="label" type="text" sortOrder="10" showInDefault="1" showInWebsite="1" showInStore="1">
            <label>SEO</label>
            <tab>mageworx</tab>
            <resource>MageWorx_SeoMarkup::config_seomarkup</resource>
            <group id="markup" translate="label" type="text" sortOrder="4" showInDefault="1" showInWebsite="1" showInStore="1">
                <label>SEO Markup</label>
                <group id="product" translate="label comment" type="text" sortOrder="5" showInDefault="1" showInWebsite="1" showInStore="1">
                    <label>Product</label>
                    <field id="rs_enabled" translate="label comment" type="select" sortOrder="10" showInDefault="1" showInWebsite="1" showInStore="1">
                        <label><![CDATA[Enable In Rich Snippets]]></label>
                        <source_model>Magento\Config\Model\Config\Source\Yesno</source_model>
                    </field>
                    <field id="og_enabled" translate="label comment" type="select" sortOrder="20" showInDefault="1" showInWebsite="1" showInStore="1">
                        <label><![CDATA[Enable In Open Graph]]></label>
                        <source_model>Magento\Config\Model\Config\Source\Yesno</source_model>
                    </field>
                    <field id="tw_enabled" translate="label comment" type="select" sortOrder="30" showInDefault="1" showInWebsite="1" showInStore="1">
                        <label><![CDATA[Enable In Twitter Cards]]></label>
                        <source_model>Magento\Config\Model\Config\Source\Yesno</source_model>
                        <comment><![CDATA[To enable the feature, make sure you enter Twitter Username in the Common section.]]></comment>
                    </field>
                    <field id="best_rating" translate="label" type="text" sortOrder="50" showInDefault="1" showInWebsite="1" showInStore="1">
                        <label><![CDATA[Best Rating]]></label>
                        <validate>validate-number validate-greater-than-zero</validate>
                    </field>
                    <field id="description_code" translate="label" type="select" sortOrder="60" showInDefault="1" showInWebsite="1" showInStore="1">
                        <label><![CDATA[Description Attribute Code]]></label>
                        <source_model>MageWorx\SeoMarkup\Model\Source\Attributes</source_model>
                    </field>
                    <field id="sku_enabled" translate="label comment" type="select" sortOrder="70" showInDefault="1" showInWebsite="1" showInStore="1">
                        <label><![CDATA[Add SKU]]></label>
                        <source_model>Magento\Config\Model\Config\Source\Yesno</source_model>
                    </field>
                    <field id="sku_code" translate="label" type="select" sortOrder="80" showInDefault="1" showInWebsite="1" showInStore="1">
                        <label><![CDATA[SKU Attribute Code]]></label>
                        <source_model>MageWorx\SeoMarkup\Model\Source\Attributes</source_model>
                        <depends>
                            <field id="sku_enabled">1</field>
                        </depends>
                    </field>
                    <field id="category_enabled" translate="label comment" type="select" sortOrder="90" showInDefault="1" showInWebsite="1" showInStore="1">
                        <label><![CDATA[Add Category]]></label>
                        <source_model>Magento\Config\Model\Config\Source\Yesno</source_model>
                    </field>
                    <field id="category_deepest" translate="label comment" type="select" sortOrder="100" showInDefault="1" showInWebsite="1" showInStore="1">
                        <label><![CDATA[Use Deepest Category]]></label>
                        <source_model>Magento\Config\Model\Config\Source\Yesno</source_model>
                        <comment><![CDATA[Set 'Yes', if products are assigned to multiple categories and sub-categories in the same chain.]]></comment>
                        <depends>
                            <field id="category_enabled">1</field>
                        </depends>
                    </field>
                    <field id="color_enabled" translate="label comment" type="select" sortOrder="110" showInDefault="1" showInWebsite="1" showInStore="1">
                        <label><![CDATA[Add Color]]></label>
                        <source_model>Magento\Config\Model\Config\Source\Yesno</source_model>
                    </field>
                    <field id="color_code" translate="label comment" type="select" sortOrder="120" showInDefault="1" showInWebsite="1" showInStore="1">
                        <label><![CDATA[Color Attribute Code]]></label>
                        <source_model>MageWorx\SeoMarkup\Model\Source\Attributes</source_model>
                        <depends>
                            <field id="color_enabled">1</field>
                        </depends>
                    </field>
                    <field id="manufacturer_enabled" translate="label comment" type="select" sortOrder="130" showInDefault="1" showInWebsite="1" showInStore="1">
                        <label><![CDATA[Add Manufacturer]]></label>
                        <source_model>Magento\Config\Model\Config\Source\Yesno</source_model>
                    </field>
                    <field id="manufacturer_code" translate="label comment" type="select" sortOrder="140" showInDefault="1" showInWebsite="1" showInStore="1">
                        <label><![CDATA[Manufacturer Attribute Code]]></label>
                        <source_model>MageWorx\SeoMarkup\Model\Source\Attributes</source_model>
                        <depends>
                            <field id="manufacturer_enabled">1</field>
                        </depends>
                    </field>
                    <field id="brand_enabled" translate="label comment" type="select" sortOrder="150" showInDefault="1" showInWebsite="1" showInStore="1">
                        <label><![CDATA[Add Brand]]></label>
                        <source_model>Magento\Config\Model\Config\Source\Yesno</source_model>
                    </field>
                    <field id="brand_code" translate="label comment" type="select" sortOrder="160" showInDefault="1" showInWebsite="1" showInStore="1">
                        <label><![CDATA[Brand Attribute Code]]></label>
                        <source_model>MageWorx\SeoMarkup\Model\Source\Attributes</source_model>
                        <depends>
                            <field id="brand_enabled">1</field>
                        </depends>
                    </field>
                    <field id="model_enabled" translate="label comment" type="select" sortOrder="170" showInDefault="1" showInWebsite="1" showInStore="1">
                        <label><![CDATA[Add Model]]></label>
                        <source_model>Magento\Config\Model\Config\Source\Yesno</source_model>
                    </field>
                    <field id="model_code" translate="label comment" type="select" sortOrder="180" showInDefault="1" showInWebsite="1" showInStore="1">
                        <label><![CDATA[Model Attribute Code]]></label>
                        <source_model>MageWorx\SeoMarkup\Model\Source\Attributes</source_model>
                        <depends>
                            <field id="model_enabled">1</field>
                        </depends>
                    </field>
                    <field id="gtin_enabled" translate="label comment" type="select" sortOrder="190" showInDefault="1" showInWebsite="1" showInStore="1">
                        <label><![CDATA[Add Gtin]]></label>
                        <source_model>Magento\Config\Model\Config\Source\Yesno</source_model>
                    </field>
                    <field id="gtin_code" translate="label comment" type="select" sortOrder="200" showInDefault="1" showInWebsite="1" showInStore="1">
                        <label><![CDATA[Gtin Attribute Code]]></label>
                        <source_model>MageWorx\SeoMarkup\Model\Source\Attributes</source_model>
                        <depends>
                            <field id="gtin_enabled">1</field>
                        </depends>
                    </field>
                    <field id="weight_enabled" translate="label comment" type="select" sortOrder="210" showInDefault="1" showInWebsite="1" showInStore="1">
                        <label><![CDATA[Add Weight]]></label>
                        <source_model>Magento\Config\Model\Config\Source\Yesno</source_model>
                    </field>
                    <field id="condition_enabled" translate="label comment" type="select" sortOrder="230" showInDefault="1" showInWebsite="1" showInStore="1">
                        <label><![CDATA[Add Condition]]></label>
                        <source_model>Magento\Config\Model\Config\Source\Yesno</source_model>
                    </field>
                    <field id="condition_code" translate="label comment" type="select" sortOrder="240" showInDefault="1" showInWebsite="1" showInStore="1">
                        <label><![CDATA[Condition Attribute Code]]></label>
                        <source_model>MageWorx\SeoMarkup\Model\Source\Attributes</source_model>
                        <depends>
                            <field id="condition_enabled">1</field>
                        </depends>
                    </field>
                    <field id="condition_value_new" translate="label" type="text" sortOrder="250" showInDefault="1" showInWebsite="1" showInStore="1">
                        <label><![CDATA[Condition Value For New]]></label>
                        <depends>
                            <field id="condition_enabled">1</field>
                        </depends>
                    </field>
                    <field id="condition_value_used" translate="label" type="text" sortOrder="260" showInDefault="1" showInWebsite="1" showInStore="1">
                        <label><![CDATA[Condition Value For Used]]></label>
                        <depends>
                            <field id="condition_enabled">1</field>
                        </depends>
                    </field>
                    <field id="condition_value_damaged" translate="label" type="text" sortOrder="270" showInDefault="1" showInWebsite="1" showInStore="1">
                        <label><![CDATA[Condition Value For Damaged]]></label>
                        <depends>
                            <field id="condition_enabled">1</field>
                        </depends>
                    </field>
                    <field id="condition_value_default" translate="label" type="select" sortOrder="280" showInDefault="1" showInWebsite="1" showInStore="1">
                        <label><![CDATA[Default Value For Condition]]></label>
                        <source_model>MageWorx\SeoMarkup\Model\Source\Conditions</source_model>
                        <depends>
                            <field id="condition_enabled">1</field>
                        </depends>
                    </field>
                    <field id="custom_prorerty_enabled" translate="label comment" type="select" sortOrder="300" showInDefault="1" showInWebsite="1" showInStore="1">
                        <label><![CDATA[Add Custom Properties]]></label>
                        <source_model>Magento\Config\Model\Config\Source\Yesno</source_model>
                    </field>
                    <field id="custom_prorerties" translate="label comment" type="textarea" sortOrder="310" showInDefault="1" showInWebsite="1" showInStore="1">
                        <label><![CDATA[Custom Properties]]></label>
                        <comment><![CDATA[A comma-delimited list of <a href="http://schema.org/Product">schema.org</a> property name and attribute codes.<br /><b>Example:</b><br />
                                mpn,mpn_code <br />
                                For JSON-LD will be converted to: <br> { ... "mpn":"12343" ... }<br />
                        ]]>
                        </comment>
                        <depends>
                            <field id="custom_prorerty_enabled">1</field>
                        </depends>
                    </field>
                </group>
                <group id="category" translate="label comment" type="text" sortOrder="10" showInDefault="1" showInWebsite="1" showInStore="1">
                    <label>Category (Product List)</label>
                    <field id="rs_enabled" translate="label comment" type="select" sortOrder="10" showInDefault="1" showInWebsite="1" showInStore="1">
                        <label><![CDATA[Enable In Rich Snippets]]></label>
                        <source_model>Magento\Config\Model\Config\Source\Yesno</source_model>
                    </field>
                    <field id="og_enabled" translate="label comment" type="select" sortOrder="20" showInDefault="1" showInWebsite="1" showInStore="1">
                        <label><![CDATA[Enable In Open Graph]]></label>
                        <source_model>Magento\Config\Model\Config\Source\Yesno</source_model>
                    </field>
                    <field id="add_product_offers" translate="label comment" type="select" sortOrder="30" showInDefault="1" showInWebsite="1" showInStore="1">
                        <label><![CDATA[Show Product Offers]]></label>
                        <source_model>Magento\Config\Model\Config\Source\Yesno</source_model>
                    </field>
                    <field id="robots_restriction" translate="label comment" type="select" sortOrder="40" showInDefault="1" showInWebsite="1" showInStore="1">
                        <label><![CDATA[Disable for NOINDEX Robots]]></label>
                        <source_model>Magento\Config\Model\Config\Source\Yesno</source_model>
                    </field>
                </group>
                <group id="page" translate="label comment" type="text" sortOrder="30" showInDefault="1" showInWebsite="1" showInStore="1">
                    <label><![CDATA[Page]]></label>
                    <field id="og_enabled" translate="label comment" type="select" sortOrder="20" showInDefault="1" showInWebsite="1" showInStore="1">
                        <label><![CDATA[Enable In Open Graph]]></label>
                        <source_model>Magento\Config\Model\Config\Source\Yesno</source_model>
                    </field>
                    <field id="tw_enabled" translate="label comment" type="select" sortOrder="30" showInDefault="1" showInWebsite="1" showInStore="1">
                        <label><![CDATA[Enable In Twitter Cards]]></label>
                        <source_model>Magento\Config\Model\Config\Source\Yesno</source_model>
                        <comment><![CDATA[To enable the feature, make sure you enter Twitter Username in the Common section.]]></comment>
                    </field>
                </group>
                <group id="website" translate="label comment" type="text" sortOrder="50" showInDefault="1" showInWebsite="1" showInStore="1">
                    <label><![CDATA[Website]]></label>
                    <field id="rs_enabled" translate="label comment" type="select" sortOrder="10" showInDefault="1" showInWebsite="1" showInStore="1">
                        <label><![CDATA[Enable In Rich Snippets]]></label>
                        <source_model>Magento\Config\Model\Config\Source\Yesno</source_model>
                    </field>
                    <field id="og_enabled" translate="label comment" type="select" sortOrder="20" showInDefault="1" showInWebsite="1" showInStore="1">
                        <label><![CDATA[Enable In Open Graph]]></label>
                        <source_model>Magento\Config\Model\Config\Source\Yesno</source_model>
                    </field>
                    <field id="tw_enabled" translate="label comment" type="select" sortOrder="30" showInDefault="1" showInWebsite="1" showInStore="1">
                        <label><![CDATA[Enable In Twitter Cards]]></label>
                        <source_model>Magento\Config\Model\Config\Source\Yesno</source_model>
                        <comment><![CDATA[To enable the feature, make sure you enter Twitter Username in the Common section.]]></comment>
                    </field>
                    <field id="name" translate="label" type="text" sortOrder="50" showInDefault="1" showInWebsite="1" showInStore="1">
                        <label><![CDATA[Website Name]]></label>
                    </field>
                    <field id="description" translate="label comment" type="textarea" sortOrder="20" showInDefault="1" showInWebsite="1" showInStore="1">
                        <label><![CDATA[Website About]]></label>
                    </field>
                </group>
                <group id="seller" translate="label comment" type="text" sortOrder="60" showInDefault="1" showInWebsite="1" showInStore="1">
                    <label><![CDATA[Merchant (Seller)]]></label>
                    <field id="rs_enabled" translate="label comment" type="select" sortOrder="10" showInDefault="1" showInWebsite="1" showInStore="1">
                        <label><![CDATA[Enable In Rich Snippets]]></label>
                        <source_model>Magento\Config\Model\Config\Source\Yesno</source_model>
                    </field>
                    <field id="type" translate="label comment" type="select" sortOrder="20" showInDefault="1" showInWebsite="1" showInStore="1">
                        <label><![CDATA[Type (by Schema.org)]]></label>
                        <source_model>MageWorx\SeoMarkup\Model\Source\SellerTypes</source_model>
                    </field>
                    <field id="name" translate="label" type="text" sortOrder="30" showInDefault="1" showInWebsite="1" showInStore="1">
                        <label><![CDATA[Name]]></label>
                        <comment><![CDATA[<b>A value for the 'Name' field is required.</b>]]></comment>
                    </field>
                    <field id="image" translate="label comment" type="image" sortOrder="33" showInDefault="1" showInWebsite="1" showInStore="1">
                        <label><![CDATA[Image]]></label>
                        <backend_model>Magento\Config\Model\Config\Backend\Image</backend_model>
                        <upload_dir config="system/filesystem/media" scope_info="1">seller_image</upload_dir>
                        <base_url type="media" scope_info="1">seller_image</base_url>
                        <comment><![CDATA[<b>A value for the 'Image' field is required.</b><br/>  Allowed file types: PNG, GIF, JPG, JPEG.]]></comment>
                    </field>
                    <field id="description" translate="label comment" type="textarea" sortOrder="35" showInDefault="1" showInWebsite="1" showInStore="1">
                        <label><![CDATA[Description]]></label>
                    </field>
                    <field id="same_as_links" translate="label comment" type="textarea" sortOrder="37" showInDefault="1" showInWebsite="1" showInStore="1">
                        <label><![CDATA[Social Links]]></label>
                        <comment><![CDATA[The list of social media links <br /><b>Example:</b><br />https://twitter.com/mageworxteam<br />https://www.facebook.com/mageworx]]></comment>
                    </field>
                    <field id="phone" translate="label comment" type="text" sortOrder="40" showInDefault="1" showInWebsite="1" showInStore="1">
                        <label><![CDATA[Phone]]></label>
                        <comment><![CDATA[<b>The 'Phone' field is recommended.</b>]]></comment>
                    </field>
                    <field id="fax" translate="label comment" type="text" sortOrder="50" showInDefault="1" showInWebsite="1" showInStore="1">
                        <label><![CDATA[Fax]]></label>
                    </field>
                    <field id="email" translate="label comment" type="text" sortOrder="60" showInDefault="1" showInWebsite="1" showInStore="1">
                        <label><![CDATA[Email]]></label>
                    </field>
                    <field id="location" translate="label comment" type="text" sortOrder="70" showInDefault="1" showInWebsite="1" showInStore="1">
                        <label><![CDATA[Location]]></label>
                        <comment><![CDATA[<b>The 'Address' field is recommended.<br/>Example:</b> Seattle]]></comment>
                    </field>
                    <field id="region" translate="label comment" type="text" sortOrder="80" showInDefault="1" showInWebsite="1" showInStore="1">
                        <label><![CDATA[Region]]></label>
                        <comment><![CDATA[<b>Example:</b> WA]]></comment>
                    </field>
                    <field id="street" translate="label comment" type="text" sortOrder="90" showInDefault="1" showInWebsite="1" showInStore="1">
                        <label><![CDATA[Street]]></label>
                        <comment><![CDATA[<b>Example:</b><br>20341 Whitworth Institute<br>405 N. Whitworth]]></comment>
                    </field>
                    <field id="post_code" translate="label comment" type="text" sortOrder="100" showInDefault="1" showInWebsite="1" showInStore="1">
                        <label><![CDATA[ZIP Code]]></label>
                    </field>
                    <field id="price_range" translate="label comment" type="text" sortOrder="110" showInDefault="1" showInWebsite="1" showInStore="1">
                        <label><![CDATA[Price Range]]></label>
                        <comment><![CDATA[<b>The 'Price Range' field is recommended.<br/>Example:</b><br />$$$<br />$31-60]]></comment>
                    </field>
                </group>
                <group id="breadcrumbs" translate="label comment" type="text" sortOrder="100" showInDefault="1" showInWebsite="1" showInStore="1">
                    <label><![CDATA[Breadcrumbs]]></label>
                    <field id="rs_enabled" translate="label comment" type="select" sortOrder="10" showInDefault="1" showInWebsite="1" showInStore="1">
                        <label><![CDATA[Enable]]></label>
                        <source_model>Magento\Config\Model\Config\Source\Yesno</source_model>
                    </field>
                </group>
                <group id="common" translate="label comment" type="text" sortOrder="200" showInDefault="1" showInWebsite="1" showInStore="1">
                    <label><![CDATA[Common]]></label>
                    <field id="tw_username" translate="label" type="text" sortOrder="40" showInDefault="1" showInWebsite="1" showInStore="1">
                        <label><![CDATA[Twitter Username]]></label>
                    </field>
                </group>
            </group>
        </section>
    </system>
</config>